Statistic,Value
Mean,96.42926556768603
Median,99.0
Minimum,0.0
Maximum,150.95999999999998
Std,9.382392309172788
Within95to105,1786.0
Below90,333.0
Above110,43.0
