Model,Train_R2,Test_R2,Train_MAE,Test_MAE
Random Forest,0.938024438673465,0.8359277392387524,2.9874556334558164,4.945501689336793
